{
	"reason": "成功的返回",
	"result": {
		"stat": "1",
		"data": [
			{
				"uniquekey": "0ab73bbd064830d508eaba8e480eb7bc",
				"title": "吉林市丰满区司法局举办人民调解员培训班",
				"date": "2019-12-04 16:52",
				"category": "国内",
				"author_name": "二三里资讯吉林",
				"url": "http:\/\/mini.eastday.com\/mobile\/191204165206954.html",
				"thumbnail_pic_s": "http:\/\/00imgmini.eastday.com\/mobile\/20191204\/20191204165206_c3c7c84673030e20fbce8959932578cc_1_mwpm_03200403.jpg"
			}, {
				"uniquekey": "5a42814d40fa2f4ced093f74e8c9b00a",
				"title": "吉林市组织开展全市乡科级以上领导干部宪法及依法治国法律知识考试",
				"date": "2019-12-04 16:52",
				"category": "国内",
				"author_name": "吉林市司法",
				"url": "http:\/\/mini.eastday.com\/mobile\/191204165202849.html",
				"thumbnail_pic_s": "http:\/\/09imgmini.eastday.com\/mobile\/20191204\/20191204165202_b1da8fc76ecbcc13bdef0a77d7bcb662_2_mwpm_03200403.jpg",
				"thumbnail_pic_s02": "http:\/\/09imgmini.eastday.com\/mobile\/20191204\/20191204165202_b1da8fc76ecbcc13bdef0a77d7bcb662_3_mwpm_03200403.jpg",
				"thumbnail_pic_s03": "http:\/\/09imgmini.eastday.com\/mobile\/20191204\/20191204165202_b1da8fc76ecbcc13bdef0a77d7bcb662_1_mwpm_03200403.jpg"
			}, {
				"uniquekey": "59b34d35613f8fab5f648207e4c7111e",
				"title": "吉林市举办2019年第二、三季度“江城好人”发布厅活动",
				"date": "2019-12-04 16:51",
				"category": "国内",
				"author_name": "二三里资讯吉林",
				"url": "http:\/\/mini.eastday.com\/mobile\/191204165153668.html",
				"thumbnail_pic_s": "http:\/\/08imgmini.eastday.com\/mobile\/20191204\/20191204165153_32d85b89db6223807c75573e0ac6e828_1_mwpm_03200403.jpg",
				"thumbnail_pic_s02": "http:\/\/08imgmini.eastday.com\/mobile\/20191204\/20191204165153_32d85b89db6223807c75573e0ac6e828_2_mwpm_03200403.jpg"
			}, {
				"uniquekey": "473ad24e4522301aab909af3e3826eb5",
				"title": "400人欢聚在社区 吉林市昌邑区庆首届泡菜艺术节",
				"date": "2019-12-04 16:51",
				"category": "国内",
				"author_name": "二三里资讯吉林",
				"url": "http:\/\/mini.eastday.com\/mobile\/191204165148397.html",
				"thumbnail_pic_s": "http:\/\/01imgmini.eastday.com\/mobile\/20191204\/20191204165148_321e8f285ba36fb5948f53c198787722_3_mwpm_03200403.jpg",
				"thumbnail_pic_s02": "http:\/\/01imgmini.eastday.com\/mobile\/20191204\/20191204165148_321e8f285ba36fb5948f53c198787722_1_mwpm_03200403.jpg",
				"thumbnail_pic_s03": "http:\/\/01imgmini.eastday.com\/mobile\/20191204\/20191204165148_321e8f285ba36fb5948f53c198787722_2_mwpm_03200403.jpg"
			}, {
				"uniquekey": "e7c6d93429ed5092296463f69696d53a",
				"title": "吉林市昌邑区召开农村留守老年人和分散特困供养老年人信息采集培训会",
				"date": "2019-12-04 16:51",
				"category": "国内",
				"author_name": "二三里资讯吉林",
				"url": "http:\/\/mini.eastday.com\/mobile\/191204165138068.html",
				"thumbnail_pic_s": "http:\/\/04imgmini.eastday.com\/mobile\/20191204\/20191204165138_c9eb5d43d2f1c81344dcbc57600a0c42_1_mwpm_03200403.jpg"
			}, {
				"uniquekey": "2cbc248f0bff0c70619e40fc8ee5a663",
				"title": "吉林市昌邑区对事实无人抚养儿童保障工作进行再部署",
				"date": "2019-12-04 16:51",
				"category": "国内",
				"author_name": "二三里资讯吉林",
				"url": "http:\/\/mini.eastday.com\/mobile\/191204165132993.html",
				"thumbnail_pic_s": "http:\/\/05imgmini.eastday.com\/mobile\/20191204\/20191204165132_38da80a3ee6dbd1e1e9d1d8960bb71d1_1_mwpm_03200403.jpg"
			}, {
				"uniquekey": "70886fac4d95a4d5a0ac4d473fe4040a",
				"title": "汉源县公安局交警大队开展“122交通安全日”主题宣传活动",
				"date": "2019-12-04 16:51",
				"category": "国内",
				"author_name": "雅安新闻联播",
				"url": "http:\/\/mini.eastday.com\/mobile\/191204165129828.html",
				"thumbnail_pic_s": "http:\/\/08imgmini.eastday.com\/mobile\/20191204\/20191204165129_c7da5dc06ece54597b4f1a053d3067f5_1_mwpm_03200403.jpg",
				"thumbnail_pic_s02": "http:\/\/08imgmini.eastday.com\/mobile\/20191204\/20191204165129_c7da5dc06ece54597b4f1a053d3067f5_2_mwpm_03200403.jpg"
			}, {
				"uniquekey": "1c1ed980e3f75f431a074f87f1676a2e",
				"title": "云南省市监局五大举措推进自贸试验区“证照分离”改革全覆盖试点工作",
				"date": "2019-12-04 16:51",
				"category": "国内",
				"author_name": "中国质量新闻网",
				"url": "http:\/\/mini.eastday.com\/mobile\/191204165116646.html",
				"thumbnail_pic_s": "http:\/\/02imgmini.eastday.com\/mobile\/20191204\/20191204165116_2753fcbaca2aa2b167e61fc4a84f5d97_2_mwpm_03200403.jpg",
				"thumbnail_pic_s02": "http:\/\/02imgmini.eastday.com\/mobile\/20191204\/20191204165116_2753fcbaca2aa2b167e61fc4a84f5d97_3_mwpm_03200403.jpg",
				"thumbnail_pic_s03": "http:\/\/02imgmini.eastday.com\/mobile\/20191204\/20191204165116_2753fcbaca2aa2b167e61fc4a84f5d97_4_mwpm_03200403.jpg"
			}, {
				"uniquekey": "ee73f49ca56af644f4d1e21e56286bcc",
				"title": "浙江德清挖掘资源优势焕发农村发展活力",
				"date": "2019-12-04 16:50",
				"category": "国内",
				"author_name": "中国经济网",
				"url": "http:\/\/mini.eastday.com\/mobile\/191204165031866.html",
				"thumbnail_pic_s": "http:\/\/07imgmini.eastday.com\/mobile\/20191204\/20191204165031_1a4b1f8599a3ce88f532477e82e55c4d_2_mwpm_03200403.jpg",
				"thumbnail_pic_s02": "http:\/\/07imgmini.eastday.com\/mobile\/20191204\/20191204165031_1a4b1f8599a3ce88f532477e82e55c4d_1_mwpm_03200403.jpg"
			}, {
				"uniquekey": "0e6cddff086b07204672e5019a242b37",
				"title": "新闻追踪｜“空中花园”没了后续：婚礼会馆作出协调或退款处理",
				"date": "2019-12-04 16:50",
				"category": "国内",
				"author_name": "新民网",
				"url": "http:\/\/mini.eastday.com\/mobile\/191204165026822.html",
				"thumbnail_pic_s": "http:\/\/03imgmini.eastday.com\/mobile\/20191204\/20191204165026_c80ea3db0e776be987ff5d46d3f89c44_1_mwpm_03200403.jpg"
			}, {
				"uniquekey": "926d587b7227d6eb82f95154d7467edb",
				"title": "云南省景洪市市场监督管理局开展12.4国家宪法日宣传活动",
				"date": "2019-12-04 16:50",
				"category": "国内",
				"author_name": "中国质量新闻网",
				"url": "http:\/\/mini.eastday.com\/mobile\/191204165020976.html",
				"thumbnail_pic_s": "http:\/\/07imgmini.eastday.com\/mobile\/20191204\/20191204165020_809f09c9366b9050f115aefb07a3d9f6_1_mwpm_03200403.jpg"
			}, {
				"uniquekey": "2cd7ad0bbcc891318955809bcdf09923",
				"title": "黑河—布拉戈维申斯克浮箱固冰（客运）通道开通 五分钟即可出国",
				"date": "2019-12-04 16:49",
				"category": "国内",
				"author_name": "黑龙江广播电视台",
				"url": "http:\/\/mini.eastday.com\/mobile\/191204164939537.html",
				"thumbnail_pic_s": "http:\/\/03imgmini.eastday.com\/mobile\/20191204\/20191204164939_289822884e5668533083e116f10e1ec3_6_mwpm_03200403.jpg",
				"thumbnail_pic_s02": "http:\/\/03imgmini.eastday.com\/mobile\/20191204\/20191204164939_289822884e5668533083e116f10e1ec3_5_mwpm_03200403.jpg",
				"thumbnail_pic_s03": "http:\/\/03imgmini.eastday.com\/mobile\/20191204\/20191204164939_289822884e5668533083e116f10e1ec3_4_mwpm_03200403.jpg"
			}, {
				"uniquekey": "52e54bc3cd84c4548e2381e6e7ea08f4",
				"title": "天水市委改革办督察秦安县全面深化改革工作",
				"date": "2019-12-04 16:48",
				"category": "国内",
				"author_name": "宏观大经济",
				"url": "http:\/\/mini.eastday.com\/mobile\/191204164848951.html",
				"thumbnail_pic_s": "http:\/\/07imgmini.eastday.com\/mobile\/20191204\/20191204164848_f43698d37f351bf97b084e6435caa731_1_mwpm_03200403.jpg",
				"thumbnail_pic_s02": "http:\/\/07imgmini.eastday.com\/mobile\/20191204\/20191204164848_f43698d37f351bf97b084e6435caa731_2_mwpm_03200403.jpg"
			}, {
				"uniquekey": "556d5a714b30c68d45159b8e6d52b6ad",
				"title": "白沙“五里路”，走出茶园里的“致富路”",
				"date": "2019-12-04 16:48",
				"category": "国内",
				"author_name": "南海网",
				"url": "http:\/\/mini.eastday.com\/mobile\/191204164836972.html",
				"thumbnail_pic_s": "http:\/\/07imgmini.eastday.com\/mobile\/20191204\/20191204164836_4e62183f9eb93dcd4adbb7ff46230a25_2_mwpm_03200403.jpg",
				"thumbnail_pic_s02": "http:\/\/07imgmini.eastday.com\/mobile\/20191204\/20191204164836_4e62183f9eb93dcd4adbb7ff46230a25_1_mwpm_03200403.jpg"
			}, {
				"uniquekey": "ea2b5ef88b7666f15c4ee20899d2896f",
				"title": "快了，泸州长江六桥北连接线预计年底通车",
				"date": "2019-12-04 16:48",
				"category": "国内",
				"author_name": "泸州范儿",
				"url": "http:\/\/mini.eastday.com\/mobile\/191204164800806.html",
				"thumbnail_pic_s": "http:\/\/03imgmini.eastday.com\/mobile\/20191204\/20191204164800_9cb5aa40d7f6bc9086d799f892150745_2_mwpm_03200403.jpg",
				"thumbnail_pic_s02": "http:\/\/03imgmini.eastday.com\/mobile\/20191204\/20191204164800_9cb5aa40d7f6bc9086d799f892150745_1_mwpm_03200403.jpg"
			}, {
				"uniquekey": "b8fb756534fa684a226457acfba47288",
				"title": "「记者跑街」盘乐社区：让居民拥有更多幸福感",
				"date": "2019-12-04 16:47",
				"category": "国内",
				"author_name": "韩城日报",
				"url": "http:\/\/mini.eastday.com\/mobile\/191204164749245.html",
				"thumbnail_pic_s": "http:\/\/07imgmini.eastday.com\/mobile\/20191204\/20191204164749_f93abe479d7abb2c2b03240d57f35ad7_2_mwpm_03200403.jpg",
				"thumbnail_pic_s02": "http:\/\/07imgmini.eastday.com\/mobile\/20191204\/20191204164749_f93abe479d7abb2c2b03240d57f35ad7_3_mwpm_03200403.jpg",
				"thumbnail_pic_s03": "http:\/\/07imgmini.eastday.com\/mobile\/20191204\/20191204164749_f93abe479d7abb2c2b03240d57f35ad7_4_mwpm_03200403.jpg"
			}, {
				"uniquekey": "8aae3d54bb816192ea869df422b22c79",
				"title": "充满鲜花的城市到底在哪里？答：就在长沙",
				"date": "2019-12-04 16:47",
				"category": "国内",
				"author_name": "智慧长沙",
				"url": "http:\/\/mini.eastday.com\/mobile\/191204164742088.html",
				"thumbnail_pic_s": "http:\/\/05imgmini.eastday.com\/mobile\/20191204\/20191204164742_e12085aaca33578475af32fe48b17a0c_1_mwpm_03200403.jpg",
				"thumbnail_pic_s02": "http:\/\/05imgmini.eastday.com\/mobile\/20191204\/20191204164742_e12085aaca33578475af32fe48b17a0c_5_mwpm_03200403.jpg",
				"thumbnail_pic_s03": "http:\/\/05imgmini.eastday.com\/mobile\/20191204\/20191204164742_e12085aaca33578475af32fe48b17a0c_3_mwpm_03200403.jpg"
			}, {
				"uniquekey": "e2f7f5f6120c065ef4e403a0fba16848",
				"title": "宪法日｜听得到法声 入得了人心",
				"date": "2019-12-04 16:46",
				"category": "国内",
				"author_name": "福建法治",
				"url": "http:\/\/mini.eastday.com\/mobile\/191204164658282.html",
				"thumbnail_pic_s": "http:\/\/02imgmini.eastday.com\/mobile\/20191204\/20191204164658_374073b8be31986f88b933406bf91f3c_1_mwpm_03200403.jpg",
				"thumbnail_pic_s02": "http:\/\/02imgmini.eastday.com\/mobile\/20191204\/20191204164658_374073b8be31986f88b933406bf91f3c_2_mwpm_03200403.jpg"
			}, {
				"uniquekey": "83c03aab0c5b8c5a15fc04fc0959ef05",
				"title": "致全体德清人的一封信",
				"date": "2019-12-04 16:46",
				"category": "国内",
				"author_name": "湖州看点",
				"url": "http:\/\/mini.eastday.com\/mobile\/191204164651925.html",
				"thumbnail_pic_s": "http:\/\/09imgmini.eastday.com\/mobile\/20191204\/20191204164651_70c7799a45a2480ad9d6fc0727cccde1_6_mwpm_03200403.jpg",
				"thumbnail_pic_s02": "http:\/\/09imgmini.eastday.com\/mobile\/20191204\/20191204164651_70c7799a45a2480ad9d6fc0727cccde1_1_mwpm_03200403.jpg",
				"thumbnail_pic_s03": "http:\/\/09imgmini.eastday.com\/mobile\/20191204\/20191204164651_70c7799a45a2480ad9d6fc0727cccde1_2_mwpm_03200403.jpg"
			}, {
				"uniquekey": "e30d17f9a8b2f29a199f62b01ec3970f",
				"title": "12月16日起，超限超载货车禁入北京封闭式高速路",
				"date": "2019-12-04 16:46",
				"category": "国内",
				"author_name": "北京看点",
				"url": "http:\/\/mini.eastday.com\/mobile\/191204164649944.html",
				"thumbnail_pic_s": "http:\/\/07imgmini.eastday.com\/mobile\/20191204\/20191204164649_c253a5b95bd13ba4f95b7505b68f40bf_1_mwpm_03200403.jpg"
			}, {
				"uniquekey": "5ce488ba7ce53c9bef406c55fe719014",
				"title": "扬州海事局推广“船e行”深入推进“一零两全”工作",
				"date": "2019-12-04 16:46",
				"category": "国内",
				"author_name": "扬州看点",
				"url": "http:\/\/mini.eastday.com\/mobile\/191204164635593.html",
				"thumbnail_pic_s": "http:\/\/01imgmini.eastday.com\/mobile\/20191204\/20191204164635_52d0b7608f4aacf2122f73aff16c9edc_1_mwpm_03200403.jpg"
			}, {
				"uniquekey": "3dd2c045dd0865875583a4e473e01ade",
				"title": "九元航空获赠中航油华南蓝天“最佳客户”奖杯及锦旗",
				"date": "2019-12-04 16:46",
				"category": "国内",
				"author_name": "理财夜话",
				"url": "http:\/\/mini.eastday.com\/mobile\/191204164633127.html",
				"thumbnail_pic_s": "http:\/\/02imgmini.eastday.com\/mobile\/20191204\/20191204164633_44ec5e8ae022599c1c1441935a0c3e1f_2_mwpm_03200403.jpg",
				"thumbnail_pic_s02": "http:\/\/02imgmini.eastday.com\/mobile\/20191204\/20191204164633_44ec5e8ae022599c1c1441935a0c3e1f_3_mwpm_03200403.jpg",
				"thumbnail_pic_s03": "http:\/\/02imgmini.eastday.com\/mobile\/20191204\/20191204164633_44ec5e8ae022599c1c1441935a0c3e1f_1_mwpm_03200403.jpg"
			}, {
				"uniquekey": "c6b1048e207d3f3cc458aa95a413dea6",
				"title": "【不忘初心 牢记使命】麦积公安分局交警大队：集中整治交通乱象 创造良好出行环境",
				"date": "2019-12-04 16:46",
				"category": "国内",
				"author_name": "中国甘肃网",
				"url": "http:\/\/mini.eastday.com\/mobile\/191204164631703.html",
				"thumbnail_pic_s": "http:\/\/00imgmini.eastday.com\/mobile\/20191204\/20191204164631_eaa2c90b9516a4551cff79953f64c126_5_mwpm_03200403.jpg",
				"thumbnail_pic_s02": "http:\/\/00imgmini.eastday.com\/mobile\/20191204\/20191204164631_eaa2c90b9516a4551cff79953f64c126_2_mwpm_03200403.jpg",
				"thumbnail_pic_s03": "http:\/\/00imgmini.eastday.com\/mobile\/20191204\/20191204164631_eaa2c90b9516a4551cff79953f64c126_6_mwpm_03200403.jpg"
			}, {
				"uniquekey": "943356fc0e7f6cc4381d06f27e0ff20a",
				"title": "城读|香饵胡同传出各国书香，老晒图厂更新出主题酒店",
				"date": "2019-12-04 16:45",
				"category": "国内",
				"author_name": "一点小不点",
				"url": "http:\/\/mini.eastday.com\/mobile\/191204164548878.html",
				"thumbnail_pic_s": "http:\/\/05imgmini.eastday.com\/mobile\/20191204\/20191204164548_d9bd90fb37ffc3a6a2e87887223d8195_2_mwpm_03200403.jpg",
				"thumbnail_pic_s02": "http:\/\/05imgmini.eastday.com\/mobile\/20191204\/20191204164548_d9bd90fb37ffc3a6a2e87887223d8195_1_mwpm_03200403.jpg"
			}, {
				"uniquekey": "46694c8d7e0a307acedf29f52fff32cd",
				"title": "2020年京郊旅游重点投融资项目推介会举办",
				"date": "2019-12-04 16:45",
				"category": "国内",
				"author_name": "中国消费者报·中国消费网",
				"url": "http:\/\/mini.eastday.com\/mobile\/191204164525342.html",
				"thumbnail_pic_s": "http:\/\/06imgmini.eastday.com\/mobile\/20191204\/20191204164525_23a6a23796dd1e0032d46322099f94ec_2_mwpm_03200403.jpg",
				"thumbnail_pic_s02": "http:\/\/06imgmini.eastday.com\/mobile\/20191204\/20191204164525_23a6a23796dd1e0032d46322099f94ec_1_mwpm_03200403.jpg"
			}, {
				"uniquekey": "afda672ce8a9edeac6f9a358748bda97",
				"title": "宁夏文化旅游闪亮兴安盟冬季旅游推介会",
				"date": "2019-12-04 16:45",
				"category": "国内",
				"author_name": "海外网",
				"url": "http:\/\/mini.eastday.com\/mobile\/191204164514597.html",
				"thumbnail_pic_s": "http:\/\/06imgmini.eastday.com\/mobile\/20191204\/20191204164514_9f6ffa98d8211177487cbf249d651603_1_mwpm_03200403.jpg"
			}, {
				"uniquekey": "6e34f3b2e25b72f6ffaec58f82289c17",
				"title": "陕西省大力推进乡村振兴战略56.5万贫困人口脱贫",
				"date": "2019-12-04 16:45",
				"category": "国内",
				"author_name": "海外网",
				"url": "http:\/\/mini.eastday.com\/mobile\/191204164514198.html",
				"thumbnail_pic_s": "http:\/\/03imgmini.eastday.com\/mobile\/20191204\/20191204164514_f09966681ba7d26086c13cc77e0f8b55_1_mwpm_03200403.jpg"
			}, {
				"uniquekey": "d0dbf7399a49e5efb4b03e97dad839b3",
				"title": "陕西省西安市碑林区普法宣传进商铺",
				"date": "2019-12-04 16:45",
				"category": "国内",
				"author_name": "海外网",
				"url": "http:\/\/mini.eastday.com\/mobile\/191204164513680.html",
				"thumbnail_pic_s": "http:\/\/08imgmini.eastday.com\/mobile\/20191204\/20191204164513_5cdbb9b862689944eb43053a28c660c7_1_mwpm_03200403.jpg"
			}, {
				"uniquekey": "2efbdee94422716c78809a86c7c87670",
				"title": "凝心聚力 再擂战鼓 苏州园区高贸区召开百日攻坚推进会",
				"date": "2019-12-04 16:44",
				"category": "国内",
				"author_name": "新华报业网",
				"url": "http:\/\/mini.eastday.com\/mobile\/191204164437107.html",
				"thumbnail_pic_s": "http:\/\/01imgmini.eastday.com\/mobile\/20191204\/20191204164437_6d5488473779d96e70627bade0f8c404_1_mwpm_03200403.jpg"
			}, {
				"uniquekey": "8c24be805e98d3ad7c590305fd9231b2",
				"title": "运城市农村人居环境整治现场观摩组在稷山县观摩",
				"date": "2019-12-04 16:44",
				"category": "国内",
				"author_name": "稷山广播电视台",
				"url": "http:\/\/mini.eastday.com\/mobile\/191204164436696.html",
				"thumbnail_pic_s": "http:\/\/03imgmini.eastday.com\/mobile\/20191204\/20191204164436_a8ae49da45c12293e9c47658f80f80d0_2_mwpm_03200403.jpg",
				"thumbnail_pic_s02": "http:\/\/03imgmini.eastday.com\/mobile\/20191204\/20191204164436_a8ae49da45c12293e9c47658f80f80d0_1_mwpm_03200403.jpg"
			}
		]
	},
	"error_code": 0
}