{
	"reason": "成功的返回",
	"result": {
		"stat": "1",
		"data": [
			{
				"uniquekey": "695533c0e6b1d301867a2b9b6c80e96b",
				"title": "冯提莫穿百褶短裙出席活动，当镜头瞄准双腿时：确定有一米五？",
				"date": "2019-12-04 16:53",
				"category": "时尚",
				"author_name": "乐心乐意",
				"url": "http:\/\/mini.eastday.com\/mobile\/191204165303181.html",
				"thumbnail_pic_s": "http:\/\/05imgmini.eastday.com\/mobile\/20191204\/20191204165303_b61cbe770f103a2005d015dce83d202c_3_mwpm_03200403.jpg",
				"thumbnail_pic_s02": "http:\/\/05imgmini.eastday.com\/mobile\/20191204\/20191204165303_b61cbe770f103a2005d015dce83d202c_4_mwpm_03200403.jpg",
				"thumbnail_pic_s03": "http:\/\/05imgmini.eastday.com\/mobile\/20191204\/20191204165303_b61cbe770f103a2005d015dce83d202c_2_mwpm_03200403.jpg"
			}, {
				"uniquekey": "c018cb3d10a3c5307a730aee12df9deb",
				"title": "羽绒衣试试新花样，这样穿才闪亮",
				"date": "2019-12-04 16:48",
				"category": "时尚",
				"author_name": "潮流搭配师",
				"url": "http:\/\/mini.eastday.com\/mobile\/191204164858267.html",
				"thumbnail_pic_s": "http:\/\/08imgmini.eastday.com\/mobile\/20191204\/20191204164858_65bbeed22b26ece31554b5fc3493fedc_10_mwpm_03200403.jpg",
				"thumbnail_pic_s02": "http:\/\/08imgmini.eastday.com\/mobile\/20191204\/20191204164858_65bbeed22b26ece31554b5fc3493fedc_26_mwpm_03200403.jpg",
				"thumbnail_pic_s03": "http:\/\/08imgmini.eastday.com\/mobile\/20191204\/20191204164858_65bbeed22b26ece31554b5fc3493fedc_1_mwpm_03200403.jpg"
			}, {
				"uniquekey": "92bf2caf7b8b864485331b9e523f672e",
				"title": "腿精江疏影穿黑色面包服过冬，配针织帽太保暖，变矮人身材不在乎",
				"date": "2019-12-04 16:48",
				"category": "时尚",
				"author_name": "FashionWeekTB",
				"url": "http:\/\/mini.eastday.com\/mobile\/191204164851666.html",
				"thumbnail_pic_s": "http:\/\/04imgmini.eastday.com\/mobile\/20191204\/20191204164851_8478ddc08eafda23756cab6717134b26_1_mwpm_03200403.jpg",
				"thumbnail_pic_s02": "http:\/\/04imgmini.eastday.com\/mobile\/20191204\/20191204164851_8478ddc08eafda23756cab6717134b26_7_mwpm_03200403.jpg",
				"thumbnail_pic_s03": "http:\/\/04imgmini.eastday.com\/mobile\/20191204\/20191204164851_8478ddc08eafda23756cab6717134b26_3_mwpm_03200403.jpg"
			}, {
				"uniquekey": "7a6f44a09872f3937cd7fa9a265ef15c",
				"title": "吴宣仪带火了“无糖妆”，当看到妆容效果图那一刻，网友不敢信",
				"date": "2019-12-04 16:48",
				"category": "时尚",
				"author_name": "美容化妆师",
				"url": "http:\/\/mini.eastday.com\/mobile\/191204164851513.html",
				"thumbnail_pic_s": "http:\/\/05imgmini.eastday.com\/mobile\/20191204\/20191204164851_379d73a607483d179f46e3efc10b3c4a_1_mwpm_03200403.jpg",
				"thumbnail_pic_s02": "http:\/\/05imgmini.eastday.com\/mobile\/20191204\/20191204164851_379d73a607483d179f46e3efc10b3c4a_2_mwpm_03200403.jpg",
				"thumbnail_pic_s03": "http:\/\/05imgmini.eastday.com\/mobile\/20191204\/20191204164851_379d73a607483d179f46e3efc10b3c4a_3_mwpm_03200403.jpg"
			}, {
				"uniquekey": "f9ada9f12398a574f6fddbe23c8f90d3",
				"title": "160cm董洁不服“矮”，短棉袄配长裤穿成170，可素颜真像39岁阿姨",
				"date": "2019-12-04 16:48",
				"category": "时尚",
				"author_name": "小陈聊搭配TB",
				"url": "http:\/\/mini.eastday.com\/mobile\/191204164840859.html",
				"thumbnail_pic_s": "http:\/\/06imgmini.eastday.com\/mobile\/20191204\/20191204164840_d1b6c70b2beaf315cb5d717fd4d93562_1_mwpm_03200403.jpg",
				"thumbnail_pic_s02": "http:\/\/06imgmini.eastday.com\/mobile\/20191204\/20191204164840_d1b6c70b2beaf315cb5d717fd4d93562_3_mwpm_03200403.jpg",
				"thumbnail_pic_s03": "http:\/\/06imgmini.eastday.com\/mobile\/20191204\/20191204164840_d1b6c70b2beaf315cb5d717fd4d93562_8_mwpm_03200403.jpg"
			}, {
				"uniquekey": "2158acef088fa0b7c9195283073fcaf1",
				"title": "绿色没有想象得那么难穿，穿对了真的可以很好看，且帅且美又时尚",
				"date": "2019-12-04 16:48",
				"category": "时尚",
				"author_name": "潮流搭配师",
				"url": "http:\/\/mini.eastday.com\/mobile\/191204164808502.html",
				"thumbnail_pic_s": "http:\/\/04imgmini.eastday.com\/mobile\/20191204\/20191204164808_3b5c707d19e06d69c034d54692bda16f_4_mwpm_03200403.jpg",
				"thumbnail_pic_s02": "http:\/\/04imgmini.eastday.com\/mobile\/20191204\/20191204164808_3b5c707d19e06d69c034d54692bda16f_9_mwpm_03200403.jpg",
				"thumbnail_pic_s03": "http:\/\/04imgmini.eastday.com\/mobile\/20191204\/20191204164808_3b5c707d19e06d69c034d54692bda16f_19_mwpm_03200403.jpg"
			}, {
				"uniquekey": "a03d1f43532e5141a77da32ee875e58d",
				"title": "女性如何挑选不同场合的高跟鞋？这样正确的搭配避免小尴尬",
				"date": "2019-12-04 16:47",
				"category": "时尚",
				"author_name": "潮流搭配师",
				"url": "http:\/\/mini.eastday.com\/mobile\/191204164746033.html",
				"thumbnail_pic_s": "http:\/\/09imgmini.eastday.com\/mobile\/20191204\/20191204164746_2ca32bda424fe0031fcff004b173d66b_17_mwpm_03200403.jpg",
				"thumbnail_pic_s02": "http:\/\/09imgmini.eastday.com\/mobile\/20191204\/20191204164746_2ca32bda424fe0031fcff004b173d66b_12_mwpm_03200403.jpg",
				"thumbnail_pic_s03": "http:\/\/09imgmini.eastday.com\/mobile\/20191204\/20191204164746_2ca32bda424fe0031fcff004b173d66b_14_mwpm_03200403.jpg"
			}, {
				"uniquekey": "c017093ca301937be1470fa0a8646dbd",
				"title": "有哪7种错误的洗头方式？",
				"date": "2019-12-04 16:47",
				"category": "时尚",
				"author_name": "疗愈身心灵TB",
				"url": "http:\/\/mini.eastday.com\/mobile\/191204164737838.html",
				"thumbnail_pic_s": "http:\/\/02imgmini.eastday.com\/mobile\/20191204\/20191204164737_66d3147fdaf8929ab312d5a64c378df1_1_mwpm_03200403.jpg",
				"thumbnail_pic_s02": "http:\/\/02imgmini.eastday.com\/mobile\/20191204\/20191204164737_66d3147fdaf8929ab312d5a64c378df1_2_mwpm_03200403.jpg",
				"thumbnail_pic_s03": "http:\/\/02imgmini.eastday.com\/mobile\/20191204\/20191204164737_66d3147fdaf8929ab312d5a64c378df1_3_mwpm_03200403.jpg"
			}, {
				"uniquekey": "fec49ae8775b93da51a8b59c4a2787ae",
				"title": "发型合集|可盐可甜又减龄|冬日发型不单调",
				"date": "2019-12-04 16:47",
				"category": "时尚",
				"author_name": "美发达人",
				"url": "http:\/\/mini.eastday.com\/mobile\/191204164716138.html",
				"thumbnail_pic_s": "http:\/\/02imgmini.eastday.com\/mobile\/20191204\/20191204164716_d45b61860cc93c4099b5a21137c66537_2_mwpm_03200403.jpg",
				"thumbnail_pic_s02": "http:\/\/02imgmini.eastday.com\/mobile\/20191204\/20191204164716_d45b61860cc93c4099b5a21137c66537_7_mwpm_03200403.jpg",
				"thumbnail_pic_s03": "http:\/\/02imgmini.eastday.com\/mobile\/20191204\/20191204164716_d45b61860cc93c4099b5a21137c66537_5_mwpm_03200403.jpg"
			}, {
				"uniquekey": "9dc91950c8c5bb510b3daaf5f3c5fa87",
				"title": "43岁李小冉好奢华，穿25700棉服走机场，看到鸽子蛋钻戒我好羡慕",
				"date": "2019-12-04 16:46",
				"category": "时尚",
				"author_name": "艾娃ElvaaTB",
				"url": "http:\/\/mini.eastday.com\/mobile\/191204164632349.html",
				"thumbnail_pic_s": "http:\/\/07imgmini.eastday.com\/mobile\/20191204\/20191204164632_22ce937c6922e82053ef3de8ac5ee5ad_8_mwpm_03200403.jpg",
				"thumbnail_pic_s02": "http:\/\/07imgmini.eastday.com\/mobile\/20191204\/20191204164632_22ce937c6922e82053ef3de8ac5ee5ad_7_mwpm_03200403.jpg",
				"thumbnail_pic_s03": "http:\/\/07imgmini.eastday.com\/mobile\/20191204\/20191204164632_22ce937c6922e82053ef3de8ac5ee5ad_1_mwpm_03200403.jpg"
			}, {
				"uniquekey": "fcdeffbf90b67e96afc309439425a421",
				"title": "英国时尚大奖明星着装红黑榜！全场唯一中国女星白裙惊艳全场",
				"date": "2019-12-04 16:46",
				"category": "时尚",
				"author_name": "时尚明星人物",
				"url": "http:\/\/mini.eastday.com\/mobile\/191204164613769.html",
				"thumbnail_pic_s": "http:\/\/02imgmini.eastday.com\/mobile\/20191204\/20191204164613_c2fa2ce27dbfe1023146a37aec0f2572_21_mwpm_03200403.jpg",
				"thumbnail_pic_s02": "http:\/\/02imgmini.eastday.com\/mobile\/20191204\/20191204164613_c2fa2ce27dbfe1023146a37aec0f2572_19_mwpm_03200403.jpg",
				"thumbnail_pic_s03": "http:\/\/02imgmini.eastday.com\/mobile\/20191204\/20191204164613_c2fa2ce27dbfe1023146a37aec0f2572_18_mwpm_03200403.jpg"
			}, {
				"uniquekey": "4c6556e0ec552cba8b868dcc8bcde804",
				"title": "总是get不到时髦穿搭的点？你是不是少了这个？",
				"date": "2019-12-04 16:45",
				"category": "时尚",
				"author_name": "潮流搭配师",
				"url": "http:\/\/mini.eastday.com\/mobile\/191204164554095.html",
				"thumbnail_pic_s": "http:\/\/03imgmini.eastday.com\/mobile\/20191204\/20191204164554_88230cc0caf247b96457cf1de406e389_12_mwpm_03200403.jpg",
				"thumbnail_pic_s02": "http:\/\/03imgmini.eastday.com\/mobile\/20191204\/20191204164554_88230cc0caf247b96457cf1de406e389_16_mwpm_03200403.jpg",
				"thumbnail_pic_s03": "http:\/\/03imgmini.eastday.com\/mobile\/20191204\/20191204164554_88230cc0caf247b96457cf1de406e389_18_mwpm_03200403.jpg"
			}, {
				"uniquekey": "b2def4cb243a1c9cf645f3204c4d95b6",
				"title": "林允和林允儿首度同框秒变\"山寨货\"！不仅名字连真人都成买家秀",
				"date": "2019-12-04 16:45",
				"category": "时尚",
				"author_name": "时尚丽人风行TB",
				"url": "http:\/\/mini.eastday.com\/mobile\/191204164512984.html",
				"thumbnail_pic_s": "http:\/\/04imgmini.eastday.com\/mobile\/20191204\/20191204164512_4b2138f899e75991ee6ca3996b901661_2_mwpm_03200403.jpg",
				"thumbnail_pic_s02": "http:\/\/04imgmini.eastday.com\/mobile\/20191204\/20191204164512_4b2138f899e75991ee6ca3996b901661_1_mwpm_03200403.jpg",
				"thumbnail_pic_s03": "http:\/\/04imgmini.eastday.com\/mobile\/20191204\/20191204164512_4b2138f899e75991ee6ca3996b901661_8_mwpm_03200403.jpg"
			}, {
				"uniquekey": "56d33bd86f88df851964ccefdff76ae2",
				"title": "脸部乱用激素，引起激素依赖性皮炎！哪些情况属于乱用呢？",
				"date": "2019-12-04 16:44",
				"category": "时尚",
				"author_name": "维权骑士品牌馆|健康",
				"url": "http:\/\/mini.eastday.com\/mobile\/191204164424057.html",
				"thumbnail_pic_s": "http:\/\/01imgmini.eastday.com\/mobile\/20191204\/20191204164424_a4d7c572b5b2c67eeb918c8b1049664f_3_mwpm_03200403.jpg",
				"thumbnail_pic_s02": "http:\/\/01imgmini.eastday.com\/mobile\/20191204\/20191204164424_2fa176a420f32f7feb4f7f36b7bbb25c_1_mwpm_03200403.jpg",
				"thumbnail_pic_s03": "http:\/\/01imgmini.eastday.com\/mobile\/20191204\/20191204164424_be8afd807e5939c21f5bb7388d914921_2_mwpm_03200403.jpg"
			}, {
				"uniquekey": "1e3aef4a3b80969a18dbe32f35d327bb",
				"title": "周冬雨伦敦归来，素颜状态皮肤状态超好，4个护肤小窍门超有用",
				"date": "2019-12-04 16:37",
				"category": "时尚",
				"author_name": "大壮观娱乐",
				"url": "http:\/\/mini.eastday.com\/mobile\/191204163702802.html",
				"thumbnail_pic_s": "http:\/\/02imgmini.eastday.com\/mobile\/20191204\/20191204163702_d0cd4d4a039e153e1b1d6bbb579a168a_5_mwpm_03200403.jpg",
				"thumbnail_pic_s02": "http:\/\/02imgmini.eastday.com\/mobile\/20191204\/20191204163702_d0cd4d4a039e153e1b1d6bbb579a168a_4_mwpm_03200403.jpg",
				"thumbnail_pic_s03": "http:\/\/02imgmini.eastday.com\/mobile\/20191204\/20191204163702_d0cd4d4a039e153e1b1d6bbb579a168a_7_mwpm_03200403.jpg"
			}, {
				"uniquekey": "77e8788cf3e213e94c690104fb17eb1e",
				"title": "周冬雨解锁《芭莎男士》封面，全身黑造型很霸气，心机穿搭显腿长",
				"date": "2019-12-04 16:37",
				"category": "时尚",
				"author_name": "Fashionlog",
				"url": "http:\/\/mini.eastday.com\/mobile\/191204163701443.html",
				"thumbnail_pic_s": "http:\/\/02imgmini.eastday.com\/mobile\/20191204\/20191204163701_7e1ab673b50fc1c8ee2d87a9f312e3c4_4_mwpm_03200403.jpg",
				"thumbnail_pic_s02": "http:\/\/02imgmini.eastday.com\/mobile\/20191204\/20191204163701_7e1ab673b50fc1c8ee2d87a9f312e3c4_1_mwpm_03200403.jpg",
				"thumbnail_pic_s03": "http:\/\/02imgmini.eastday.com\/mobile\/20191204\/20191204163701_7e1ab673b50fc1c8ee2d87a9f312e3c4_2_mwpm_03200403.jpg"
			}, {
				"uniquekey": "7fa02eb74e88194e4f4aafd410064912",
				"title": "周冬雨钟楚曦同登封面，一个灵动少女一个明艳美女，都好美啊",
				"date": "2019-12-04 16:36",
				"category": "时尚",
				"author_name": "Fashionlog",
				"url": "http:\/\/mini.eastday.com\/mobile\/191204163655039.html",
				"thumbnail_pic_s": "http:\/\/08imgmini.eastday.com\/mobile\/20191204\/20191204163655_f69040c78d1f9a4f4d88d09cbfed9728_7_mwpm_03200403.jpg",
				"thumbnail_pic_s02": "http:\/\/08imgmini.eastday.com\/mobile\/20191204\/20191204163655_f69040c78d1f9a4f4d88d09cbfed9728_5_mwpm_03200403.jpg",
				"thumbnail_pic_s03": "http:\/\/08imgmini.eastday.com\/mobile\/20191204\/20191204163655_f69040c78d1f9a4f4d88d09cbfed9728_8_mwpm_03200403.jpg"
			}, {
				"uniquekey": "3d8ffaeee32749db05e036c9031d618c",
				"title": "周冬雨穿裸色连衣裙撩人出镜，举手投足女神化，气场一米七",
				"date": "2019-12-04 16:36",
				"category": "时尚",
				"author_name": "苜兮说",
				"url": "http:\/\/mini.eastday.com\/mobile\/191204163652264.html",
				"thumbnail_pic_s": "http:\/\/01imgmini.eastday.com\/mobile\/20191204\/20191204163652_8b23ddda38755775df5c3651efccd2a1_3_mwpm_03200403.jpg",
				"thumbnail_pic_s02": "http:\/\/01imgmini.eastday.com\/mobile\/20191204\/20191204163652_8b23ddda38755775df5c3651efccd2a1_1_mwpm_03200403.jpg",
				"thumbnail_pic_s03": "http:\/\/01imgmini.eastday.com\/mobile\/20191204\/20191204163652_8b23ddda38755775df5c3651efccd2a1_4_mwpm_03200403.jpg"
			}, {
				"uniquekey": "698a91fb873bb4c4638170dc55a4d9a4",
				"title": "周笔畅越来越会穿了，细跟恨天高御姐范，势必将这款刘海进行到底",
				"date": "2019-12-04 16:35",
				"category": "时尚",
				"author_name": "叨叨说时尚",
				"url": "http:\/\/mini.eastday.com\/mobile\/191204163514832.html",
				"thumbnail_pic_s": "http:\/\/09imgmini.eastday.com\/mobile\/20191204\/20191204163514_a4ab87b1a1ab730adc41cb43e0263840_3_mwpm_03200403.jpg",
				"thumbnail_pic_s02": "http:\/\/09imgmini.eastday.com\/mobile\/20191204\/20191204163514_a4ab87b1a1ab730adc41cb43e0263840_1_mwpm_03200403.jpg",
				"thumbnail_pic_s03": "http:\/\/09imgmini.eastday.com\/mobile\/20191204\/20191204163514_a4ab87b1a1ab730adc41cb43e0263840_4_mwpm_03200403.jpg"
			}, {
				"uniquekey": "9cafcf9cbeb7bdaa46e6b23d3548d559",
				"title": "大家穿长裤配拉链时，周笔畅反而“挖个洞”在前面，又潮成爆款",
				"date": "2019-12-04 16:34",
				"category": "时尚",
				"author_name": "五彩手工",
				"url": "http:\/\/mini.eastday.com\/mobile\/191204163440527.html",
				"thumbnail_pic_s": "http:\/\/06imgmini.eastday.com\/mobile\/20191204\/20191204163440_060cd08a22528c36f6cf2b43ffdc7db8_6_mwpm_03200403.jpg",
				"thumbnail_pic_s02": "http:\/\/06imgmini.eastday.com\/mobile\/20191204\/20191204163440_060cd08a22528c36f6cf2b43ffdc7db8_3_mwpm_03200403.jpg",
				"thumbnail_pic_s03": "http:\/\/06imgmini.eastday.com\/mobile\/20191204\/20191204163440_060cd08a22528c36f6cf2b43ffdc7db8_4_mwpm_03200403.jpg"
			}, {
				"uniquekey": "24b1bf94e357aac671fee0a02f0b83dd",
				"title": "冬季怎么穿时尚？学宋茜冬日穿搭，既有温度又有风度",
				"date": "2019-12-04 16:33",
				"category": "时尚",
				"author_name": "小qiao流shui",
				"url": "http:\/\/mini.eastday.com\/mobile\/191204163320894.html",
				"thumbnail_pic_s": "http:\/\/07imgmini.eastday.com\/mobile\/20191204\/20191204163320_8c26db258d1f775b3fdfaac887b05b66_3_mwpm_03200403.jpg",
				"thumbnail_pic_s02": "http:\/\/07imgmini.eastday.com\/mobile\/20191204\/20191204163320_8c26db258d1f775b3fdfaac887b05b66_2_mwpm_03200403.jpg",
				"thumbnail_pic_s03": "http:\/\/07imgmini.eastday.com\/mobile\/20191204\/20191204163320_8c26db258d1f775b3fdfaac887b05b66_4_mwpm_03200403.jpg"
			}, {
				"uniquekey": "c7ea2f4d12c9fed99d0d3a3ffb242939",
				"title": "32岁宋茜穿紧身裙拍照，硬是凹出“优雅腿”，不愧是学舞蹈的",
				"date": "2019-12-04 16:32",
				"category": "时尚",
				"author_name": "江南德善",
				"url": "http:\/\/mini.eastday.com\/mobile\/191204163255684.html",
				"thumbnail_pic_s": "http:\/\/09imgmini.eastday.com\/mobile\/20191204\/20191204163255_e409ca9fde94cb574ca18cb0aab7d3cf_5_mwpm_03200403.jpg",
				"thumbnail_pic_s02": "http:\/\/09imgmini.eastday.com\/mobile\/20191204\/20191204163255_e409ca9fde94cb574ca18cb0aab7d3cf_2_mwpm_03200403.jpg",
				"thumbnail_pic_s03": "http:\/\/09imgmini.eastday.com\/mobile\/20191204\/20191204163255_e409ca9fde94cb574ca18cb0aab7d3cf_1_mwpm_03200403.jpg"
			}, {
				"uniquekey": "fddb6a253d3dd76be88f92e2a4edb464",
				"title": "小魔女宋茜，大胆秀香肩牛奶肌",
				"date": "2019-12-04 16:32",
				"category": "时尚",
				"author_name": "悦已者小爱",
				"url": "http:\/\/mini.eastday.com\/mobile\/191204163255040.html",
				"thumbnail_pic_s": "http:\/\/03imgmini.eastday.com\/mobile\/20191204\/20191204163255_49acc9b71ee9e721ef92a21031f5e248_1_mwpm_03200403.jpg",
				"thumbnail_pic_s02": "http:\/\/03imgmini.eastday.com\/mobile\/20191204\/20191204163255_49acc9b71ee9e721ef92a21031f5e248_3_mwpm_03200403.jpg",
				"thumbnail_pic_s03": "http:\/\/03imgmini.eastday.com\/mobile\/20191204\/20191204163255_49acc9b71ee9e721ef92a21031f5e248_5_mwpm_03200403.jpg"
			}, {
				"uniquekey": "56e38250b71b99b36e40ce883a67f3ed",
				"title": "女人30+依旧可以美如少女，跟着宋茜一起学，这个秋冬优雅又时尚",
				"date": "2019-12-04 16:32",
				"category": "时尚",
				"author_name": "芭啵时尚汇",
				"url": "http:\/\/mini.eastday.com\/mobile\/191204163247795.html",
				"thumbnail_pic_s": "http:\/\/05imgmini.eastday.com\/mobile\/20191204\/20191204163247_57a31cc6102c12ea91976737138e80c0_3_mwpm_03200403.jpg",
				"thumbnail_pic_s02": "http:\/\/05imgmini.eastday.com\/mobile\/20191204\/20191204163247_57a31cc6102c12ea91976737138e80c0_2_mwpm_03200403.jpg",
				"thumbnail_pic_s03": "http:\/\/05imgmini.eastday.com\/mobile\/20191204\/20191204163247_57a31cc6102c12ea91976737138e80c0_6_mwpm_03200403.jpg"
			}, {
				"uniquekey": "a53bc55e6a7e20db6787130a689a6307",
				"title": "张梓琳真大胆，穿低V人鱼裙展现完美腰臀比，好身材羡煞旁人",
				"date": "2019-12-04 16:26",
				"category": "时尚",
				"author_name": "FashionWeekTB",
				"url": "http:\/\/mini.eastday.com\/mobile\/191204162621889.html",
				"thumbnail_pic_s": "http:\/\/00imgmini.eastday.com\/mobile\/20191204\/20191204162621_097f1f57257fb5fd591267047f007d11_2_mwpm_03200403.jpg",
				"thumbnail_pic_s02": "http:\/\/00imgmini.eastday.com\/mobile\/20191204\/20191204162621_097f1f57257fb5fd591267047f007d11_7_mwpm_03200403.jpg",
				"thumbnail_pic_s03": "http:\/\/00imgmini.eastday.com\/mobile\/20191204\/20191204162621_097f1f57257fb5fd591267047f007d11_6_mwpm_03200403.jpg"
			}, {
				"uniquekey": "cc3a09b50773841413ec3020afbbc29a",
				"title": "林允儿肤白芭比粉也穿得娇嫩，美貌十年如一日，中文溜熟堪比国人",
				"date": "2019-12-04 16:26",
				"category": "时尚",
				"author_name": "小陈聊搭配TB",
				"url": "http:\/\/mini.eastday.com\/mobile\/191204162612410.html",
				"thumbnail_pic_s": "http:\/\/00imgmini.eastday.com\/mobile\/20191204\/20191204162612_efa33f63a88f0c88fe7d77eb18205a1a_4_mwpm_03200403.jpg",
				"thumbnail_pic_s02": "http:\/\/00imgmini.eastday.com\/mobile\/20191204\/20191204162612_efa33f63a88f0c88fe7d77eb18205a1a_1_mwpm_03200403.jpg",
				"thumbnail_pic_s03": "http:\/\/00imgmini.eastday.com\/mobile\/20191204\/20191204162612_efa33f63a88f0c88fe7d77eb18205a1a_2_mwpm_03200403.jpg"
			}, {
				"uniquekey": "5adef70a7b1816202cb573ad1bf6f76b",
				"title": "汤唯一身枫叶红好高调，长裤衬出高挑比例，不愧是长腿女神",
				"date": "2019-12-04 16:25",
				"category": "时尚",
				"author_name": "FashionWeekTB",
				"url": "http:\/\/mini.eastday.com\/mobile\/191204162553643.html",
				"thumbnail_pic_s": "http:\/\/03imgmini.eastday.com\/mobile\/20191204\/20191204162553_f8f5f0c8ac3799b72fcb9e3a153d869e_7_mwpm_03200403.jpg",
				"thumbnail_pic_s02": "http:\/\/03imgmini.eastday.com\/mobile\/20191204\/20191204162553_f8f5f0c8ac3799b72fcb9e3a153d869e_1_mwpm_03200403.jpg",
				"thumbnail_pic_s03": "http:\/\/03imgmini.eastday.com\/mobile\/20191204\/20191204162553_f8f5f0c8ac3799b72fcb9e3a153d869e_5_mwpm_03200403.jpg"
			}, {
				"uniquekey": "29883b068a463d2d4136129816c5899a",
				"title": "冬季如何拯救短脖子？这些方法千万别错过，带你走出穿搭误区！",
				"date": "2019-12-04 16:24",
				"category": "时尚",
				"author_name": "鱼小昙时刻",
				"url": "http:\/\/mini.eastday.com\/mobile\/191204162432346.html",
				"thumbnail_pic_s": "http:\/\/00imgmini.eastday.com\/mobile\/20191204\/2019120416_91bce97313db4b8dbbfaac328ee3f78e_9335_cover_mwpm_03200403.jpg",
				"thumbnail_pic_s02": "http:\/\/00imgmini.eastday.com\/mobile\/20191204\/2019120416_7f68b22542724c2b83e4a3ce397cf399_6305_cover_mwpm_03200403.jpg",
				"thumbnail_pic_s03": "http:\/\/00imgmini.eastday.com\/mobile\/20191204\/2019120416_b2914120c2224130b02246dfe00bf5c5_4460_cover_mwpm_03200403.jpg"
			}, {
				"uniquekey": "d74595a354b9a772e4652de36757feda",
				"title": "每天照镜子被自己丑哭？全是因为毛孔粗大，学会3小窍门缩小毛孔",
				"date": "2019-12-04 16:24",
				"category": "时尚",
				"author_name": "想看你笑吖",
				"url": "http:\/\/mini.eastday.com\/mobile\/191204162400165.html",
				"thumbnail_pic_s": "http:\/\/09imgmini.eastday.com\/mobile\/20191204\/20191204162400_d16d64e0628ee566ffdbb7dac7e66d80_4_mwpm_03200403.jpg",
				"thumbnail_pic_s02": "http:\/\/09imgmini.eastday.com\/mobile\/20191204\/20191204162400_d16d64e0628ee566ffdbb7dac7e66d80_1_mwpm_03200403.jpg",
				"thumbnail_pic_s03": "http:\/\/09imgmini.eastday.com\/mobile\/20191204\/20191204162400_d16d64e0628ee566ffdbb7dac7e66d80_2_mwpm_03200403.jpg"
			}, {
				"uniquekey": "d9fd47d14ae30c52d86fc07a7199e31f",
				"title": "专属定制配色与表盘 华米Amazfit GTR 钢铁侠版图赏",
				"date": "2019-12-04 16:18",
				"category": "时尚",
				"author_name": "ZAKER网",
				"url": "http:\/\/mini.eastday.com\/mobile\/191204161804644.html",
				"thumbnail_pic_s": "http:\/\/03imgmini.eastday.com\/mobile\/20191204\/20191204161804_5f133d8d1796c9ec1219e08e5b3aab32_2_mwpm_03200403.jpg",
				"thumbnail_pic_s02": "http:\/\/03imgmini.eastday.com\/mobile\/20191204\/20191204161804_5f133d8d1796c9ec1219e08e5b3aab32_1_mwpm_03200403.jpg",
				"thumbnail_pic_s03": "http:\/\/03imgmini.eastday.com\/mobile\/20191204\/20191204161804_5f133d8d1796c9ec1219e08e5b3aab32_5_mwpm_03200403.jpg"
			}
		]
	},
	"error_code": 0
}