{
	"reason": "成功的返回",
	"result": {
		"stat": "1",
		"data": [
			{
				"uniquekey": "95a6bfc102bfaeba6ae28d4959c2e127",
				"title": "那些年被王源科普的冷知识，口香糖可以开椰子，香蕉树不是树",
				"date": "2019-12-04 16:53",
				"category": "娱乐",
				"author_name": "梅子说体育",
				"url": "http:\/\/mini.eastday.com\/mobile\/191204165320009.html",
				"thumbnail_pic_s": "http:\/\/04imgmini.eastday.com\/mobile\/20191204\/20191204165320_ce9cd792affca83045215768a0d6292a_3_mwpm_03200403.jpg",
				"thumbnail_pic_s02": "http:\/\/04imgmini.eastday.com\/mobile\/20191204\/20191204165320_ce9cd792affca83045215768a0d6292a_1_mwpm_03200403.jpg",
				"thumbnail_pic_s03": "http:\/\/04imgmini.eastday.com\/mobile\/20191204\/20191204165320_ce9cd792affca83045215768a0d6292a_2_mwpm_03200403.jpg"
			}, {
				"uniquekey": "cec3c774bb278dfe12148bd82609349f",
				"title": "李兰迪瘦了后有多美？光着脚跑到海边拍照",
				"date": "2019-12-04 16:51",
				"category": "娱乐",
				"author_name": "电影工厂",
				"url": "http:\/\/mini.eastday.com\/mobile\/191204165127942.html",
				"thumbnail_pic_s": "http:\/\/03imgmini.eastday.com\/mobile\/20191204\/20191204165127_99a2e6a2d06f41f642cccb2daf2a67ae_4_mwpm_03200403.jpg",
				"thumbnail_pic_s02": "http:\/\/03imgmini.eastday.com\/mobile\/20191204\/20191204165127_99a2e6a2d06f41f642cccb2daf2a67ae_5_mwpm_03200403.jpg",
				"thumbnail_pic_s03": "http:\/\/03imgmini.eastday.com\/mobile\/20191204\/20191204165127_99a2e6a2d06f41f642cccb2daf2a67ae_1_mwpm_03200403.jpg"
			}, {
				"uniquekey": "5ea6c231cbda0c56e6c30a8f0c0df96c",
				"title": "《冰雪奇缘2》结果是否让人失望？用普通观众的心理来看这部电影",
				"date": "2019-12-04 16:49",
				"category": "娱乐",
				"author_name": "哒哒ACG",
				"url": "http:\/\/mini.eastday.com\/mobile\/191204164917151.html",
				"thumbnail_pic_s": "http:\/\/01imgmini.eastday.com\/mobile\/20191204\/20191204164917_0e1f40f3eea9a16590b3901c6b95ae2f_4_mwpm_03200403.jpg",
				"thumbnail_pic_s02": "http:\/\/01imgmini.eastday.com\/mobile\/20191204\/20191204164917_0e1f40f3eea9a16590b3901c6b95ae2f_3_mwpm_03200403.jpg",
				"thumbnail_pic_s03": "http:\/\/01imgmini.eastday.com\/mobile\/20191204\/20191204164917_0e1f40f3eea9a16590b3901c6b95ae2f_2_mwpm_03200403.jpg"
			}, {
				"uniquekey": "a59d2ef9a43f42e9987aa7e7b84cfbb0",
				"title": "高圆圆有多勾人，一身“杜蕾液体裙”太炸眼，网友：赵又廷不管？",
				"date": "2019-12-04 16:49",
				"category": "娱乐",
				"author_name": "小丫影视剧",
				"url": "http:\/\/mini.eastday.com\/mobile\/191204164915967.html",
				"thumbnail_pic_s": "http:\/\/04imgmini.eastday.com\/mobile\/20191204\/20191204164915_7d5b114f12cd8db324c5af8d467e9b55_2_mwpm_03200403.jpg",
				"thumbnail_pic_s02": "http:\/\/04imgmini.eastday.com\/mobile\/20191204\/20191204164915_7d5b114f12cd8db324c5af8d467e9b55_4_mwpm_03200403.jpg",
				"thumbnail_pic_s03": "http:\/\/04imgmini.eastday.com\/mobile\/20191204\/20191204164915_7d5b114f12cd8db324c5af8d467e9b55_3_mwpm_03200403.jpg"
			}, {
				"uniquekey": "aa87ad972e49a0dafc0689b0611ad7cf",
				"title": "电影《两只老虎》排片很高，差评也很高，问题出在哪里",
				"date": "2019-12-04 16:49",
				"category": "娱乐",
				"author_name": "贵贵带您看电影",
				"url": "http:\/\/mini.eastday.com\/mobile\/191204164905621.html",
				"thumbnail_pic_s": "http:\/\/00imgmini.eastday.com\/mobile\/20191204\/20191204164905_2e0ee659d11e48a5b078ff59b3aa8558_1_mwpm_03200403.jpg",
				"thumbnail_pic_s02": "http:\/\/00imgmini.eastday.com\/mobile\/20191204\/20191204164905_2e0ee659d11e48a5b078ff59b3aa8558_2_mwpm_03200403.jpg",
				"thumbnail_pic_s03": "http:\/\/00imgmini.eastday.com\/mobile\/20191204\/20191204164905_2e0ee659d11e48a5b078ff59b3aa8558_4_mwpm_03200403.jpg"
			}, {
				"uniquekey": "566c7b9488ff2562e8b5a004a7c6e174",
				"title": "精彩追梦人\"北京首届国际舞蹈节在京举行",
				"date": "2019-12-04 16:49",
				"category": "娱乐",
				"author_name": "商讯",
				"url": "http:\/\/mini.eastday.com\/mobile\/191204164902461.html",
				"thumbnail_pic_s": "http:\/\/09imgmini.eastday.com\/mobile\/20191204\/20191204164902_7cbe5ac665d675fe7cc6029c22b6e47c_2_mwpm_03200403.jpg",
				"thumbnail_pic_s02": "http:\/\/09imgmini.eastday.com\/mobile\/20191204\/20191204164902_7cbe5ac665d675fe7cc6029c22b6e47c_3_mwpm_03200403.jpg",
				"thumbnail_pic_s03": "http:\/\/09imgmini.eastday.com\/mobile\/20191204\/20191204164902_7cbe5ac665d675fe7cc6029c22b6e47c_1_mwpm_03200403.jpg"
			}, {
				"uniquekey": "6a50dcb14e15e214b03de148fc66780d",
				"title": "有种不老女神叫周慧敏，90年代被封为玉女掌门，如今52岁模样依旧",
				"date": "2019-12-04 16:48",
				"category": "娱乐",
				"author_name": "明星欢乐颂",
				"url": "http:\/\/mini.eastday.com\/mobile\/191204164844837.html",
				"thumbnail_pic_s": "http:\/\/06imgmini.eastday.com\/mobile\/20191204\/20191204164844_5984da7da959c7cd5e599ed56cf96205_8_mwpm_03200403.jpg",
				"thumbnail_pic_s02": "http:\/\/06imgmini.eastday.com\/mobile\/20191204\/20191204164844_5984da7da959c7cd5e599ed56cf96205_1_mwpm_03200403.jpg",
				"thumbnail_pic_s03": "http:\/\/06imgmini.eastday.com\/mobile\/20191204\/20191204164844_5984da7da959c7cd5e599ed56cf96205_7_mwpm_03200403.jpg"
			}, {
				"uniquekey": "b7b130d7e4aaba52a7acb3e59cec7b34",
				"title": "2019年11月艺人新媒体指数电视剧演员top10，前三名全部是男明星",
				"date": "2019-12-04 16:48",
				"category": "娱乐",
				"author_name": "星娱乐资讯TB",
				"url": "http:\/\/mini.eastday.com\/mobile\/191204164832026.html",
				"thumbnail_pic_s": "http:\/\/03imgmini.eastday.com\/mobile\/20191204\/20191204164832_e01618a145bf992b162f5ea54b5657d5_4_mwpm_03200403.jpg",
				"thumbnail_pic_s02": "http:\/\/03imgmini.eastday.com\/mobile\/20191204\/20191204164832_e01618a145bf992b162f5ea54b5657d5_9_mwpm_03200403.jpg",
				"thumbnail_pic_s03": "http:\/\/03imgmini.eastday.com\/mobile\/20191204\/20191204164832_e01618a145bf992b162f5ea54b5657d5_8_mwpm_03200403.jpg"
			}, {
				"uniquekey": "b9a85af9af03bec3e3f1d292e48cb1ac",
				"title": "高以翔父母探视儿子长眠地，友人转达其母心声：希望大家坚强起来，让儿子放心",
				"date": "2019-12-04 16:48",
				"category": "娱乐",
				"author_name": "上游新闻综合",
				"url": "http:\/\/mini.eastday.com\/mobile\/191204164829439.html",
				"thumbnail_pic_s": "http:\/\/07imgmini.eastday.com\/mobile\/20191204\/20191204164829_4474de300f27f296b1165f1f8c4e9957_2_mwpm_03200403.jpg",
				"thumbnail_pic_s02": "http:\/\/07imgmini.eastday.com\/mobile\/20191204\/20191204164829_4474de300f27f296b1165f1f8c4e9957_1_mwpm_03200403.jpg"
			}, {
				"uniquekey": "59c0e2c76b17c8622a1aa66ebdea11f9",
				"title": "“长得丑活得久”，到底谁是原创？这首火爆网络的神曲引官司",
				"date": "2019-12-04 16:48",
				"category": "娱乐",
				"author_name": "河南都市频道TB",
				"url": "http:\/\/mini.eastday.com\/mobile\/191204164815103.html",
				"thumbnail_pic_s": "http:\/\/09imgmini.eastday.com\/mobile\/20191204\/20191204164815_524096adb419d46ecd523ec1e8063a3e_3_mwpm_03200403.jpg",
				"thumbnail_pic_s02": "http:\/\/09imgmini.eastday.com\/mobile\/20191204\/20191204164815_524096adb419d46ecd523ec1e8063a3e_1_mwpm_03200403.jpg",
				"thumbnail_pic_s03": "http:\/\/09imgmini.eastday.com\/mobile\/20191204\/20191204164815_524096adb419d46ecd523ec1e8063a3e_2_mwpm_03200403.jpg"
			}, {
				"uniquekey": "94103cb455583e09d83ec3f8cf736a6f",
				"title": "出道多年第一次染浅色头发！AOA雪炫公开染发过程粉丝参与挑选",
				"date": "2019-12-04 16:48",
				"category": "娱乐",
				"author_name": "偶像达人研究所",
				"url": "http:\/\/mini.eastday.com\/mobile\/191204164811610.html",
				"thumbnail_pic_s": "http:\/\/08imgmini.eastday.com\/mobile\/20191204\/2019120416_8242aea3f6c340f08b82153e2ff59559_9155_mwpm_03200403.jpg",
				"thumbnail_pic_s02": "http:\/\/08imgmini.eastday.com\/mobile\/20191204\/2019120416_f61a58a8d97f48e59b759f5175ce3659_2288_mwpm_03200403.jpg",
				"thumbnail_pic_s03": "http:\/\/08imgmini.eastday.com\/mobile\/20191204\/2019120416_a143a3fab2e04ef8b44d0fc02557d4bd_0358_mwpm_03200403.jpg"
			}, {
				"uniquekey": "d1949e1db776467e13252429ebf2b7e3",
				"title": "你和明星的毕业照，差了点啥？",
				"date": "2019-12-04 16:47",
				"category": "娱乐",
				"author_name": "明星欢乐颂",
				"url": "http:\/\/mini.eastday.com\/mobile\/191204164750322.html",
				"thumbnail_pic_s": "http:\/\/05imgmini.eastday.com\/mobile\/20191204\/20191204164750_cbff6901521072b94c080432179d38e8_1_mwpm_03200403.jpg",
				"thumbnail_pic_s02": "http:\/\/05imgmini.eastday.com\/mobile\/20191204\/20191204164750_cbff6901521072b94c080432179d38e8_22_mwpm_03200403.jpg",
				"thumbnail_pic_s03": "http:\/\/05imgmini.eastday.com\/mobile\/20191204\/20191204164750_cbff6901521072b94c080432179d38e8_17_mwpm_03200403.jpg"
			}, {
				"uniquekey": "ba6bd3df0a8564e3f6f68ca80856679e",
				"title": "车仁河遗作将按计划播出 剧组表示尊重故人的努力",
				"date": "2019-12-04 16:47",
				"category": "娱乐",
				"author_name": "凤凰网",
				"url": "http:\/\/mini.eastday.com\/mobile\/191204164747020.html",
				"thumbnail_pic_s": "http:\/\/06imgmini.eastday.com\/mobile\/20191204\/20191204164747_9b3545d847a0a51b100e8e912d8c15a1_2_mwpm_03200403.jpg",
				"thumbnail_pic_s02": "http:\/\/06imgmini.eastday.com\/mobile\/20191204\/20191204164747_9b3545d847a0a51b100e8e912d8c15a1_1_mwpm_03200403.jpg"
			}, {
				"uniquekey": "23e0d5403e1bc3e6f1dd534fb4458d8f",
				"title": "霍思燕害怕香蕉，别人给她送香蕉，看她下意识反应，暴露真实素养",
				"date": "2019-12-04 16:47",
				"category": "娱乐",
				"author_name": "文文新杂",
				"url": "http:\/\/mini.eastday.com\/mobile\/191204164734822.html",
				"thumbnail_pic_s": "http:\/\/02imgmini.eastday.com\/mobile\/20191204\/2019120416_5d3d6efd84474ef5ab516f87ad19a665_8730_mwpm_03200403.jpg",
				"thumbnail_pic_s02": "http:\/\/02imgmini.eastday.com\/mobile\/20191204\/2019120416_e5f4ce3e65fb4e878dbb065281d02ee3_9571_mwpm_03200403.jpg",
				"thumbnail_pic_s03": "http:\/\/02imgmini.eastday.com\/mobile\/20191204\/2019120416_f2b3effee9374770aab1346fd6d7ff12_0069_mwpm_03200403.jpg"
			}, {
				"uniquekey": "74fa6c1c874d335ba8511f7e8812ae86",
				"title": "内容以情动人，营销精准匹配，映美传媒斩获金河豚奖四项大奖",
				"date": "2019-12-04 16:46",
				"category": "娱乐",
				"author_name": "中国网",
				"url": "http:\/\/mini.eastday.com\/mobile\/191204164627546.html",
				"thumbnail_pic_s": "http:\/\/00imgmini.eastday.com\/mobile\/20191204\/20191204164627_7fb09c80294c825b48164a4dc79d6b31_2_mwpm_03200403.jpg",
				"thumbnail_pic_s02": "http:\/\/00imgmini.eastday.com\/mobile\/20191204\/20191204164627_7fb09c80294c825b48164a4dc79d6b31_1_mwpm_03200403.jpg"
			}, {
				"uniquekey": "289b0f385c4186de5a920abe9f132d2d",
				"title": "古力娜扎亮相MAMA红毯 一袭长裙惊艳绝美",
				"date": "2019-12-04 16:46",
				"category": "娱乐",
				"author_name": "娱图社",
				"url": "http:\/\/mini.eastday.com\/mobile\/191204164615484.html",
				"thumbnail_pic_s": "http:\/\/08imgmini.eastday.com\/mobile\/20191204\/20191204164615_f97c62c8b6127db8c299ae7afd4d0583_3_mwpm_03200403.jpg",
				"thumbnail_pic_s02": "http:\/\/08imgmini.eastday.com\/mobile\/20191204\/20191204164615_f97c62c8b6127db8c299ae7afd4d0583_2_mwpm_03200403.jpg",
				"thumbnail_pic_s03": "http:\/\/08imgmini.eastday.com\/mobile\/20191204\/20191204164615_f97c62c8b6127db8c299ae7afd4d0583_1_mwpm_03200403.jpg"
			}, {
				"uniquekey": "2df7273d3f7e9ae11a66320cf95a6a5f",
				"title": "“声入人心”男团成立 蔡程昱忆帕瓦罗蒂激动哽咽",
				"date": "2019-12-04 16:45",
				"category": "娱乐",
				"author_name": "嗅遍天下热闻",
				"url": "http:\/\/mini.eastday.com\/mobile\/191204164524344.html",
				"thumbnail_pic_s": "http:\/\/07imgmini.eastday.com\/mobile\/20191204\/20191204164524_fa91f1ae9c05b20db294b875f4d83d50_6_mwpm_03200403.jpg",
				"thumbnail_pic_s02": "http:\/\/07imgmini.eastday.com\/mobile\/20191204\/20191204164524_fa91f1ae9c05b20db294b875f4d83d50_8_mwpm_03200403.jpg",
				"thumbnail_pic_s03": "http:\/\/07imgmini.eastday.com\/mobile\/20191204\/20191204164524_fa91f1ae9c05b20db294b875f4d83d50_7_mwpm_03200403.jpg"
			}, {
				"uniquekey": "e06d12cdd658257c1fd3f08b92e51408",
				"title": "任容萱助阵公益盛典  荣获2019年度公益新锐人物",
				"date": "2019-12-04 16:45",
				"category": "娱乐",
				"author_name": "每日鲜闻报",
				"url": "http:\/\/mini.eastday.com\/mobile\/191204164510941.html",
				"thumbnail_pic_s": "http:\/\/05imgmini.eastday.com\/mobile\/20191204\/2019120416_927b2c6ea2644f479b5f0b30370f1a56_7317_cover_mwpm_03200403.jpg"
			}, {
				"uniquekey": "6cacf1ef1f82f66366193b2f34a633c2",
				"title": "杨幂32岁不服输，穿蓝色卫衣“练武”，元气满满，少女感十足！",
				"date": "2019-12-04 16:44",
				"category": "娱乐",
				"author_name": "娱乐经",
				"url": "http:\/\/mini.eastday.com\/mobile\/191204164441518.html",
				"thumbnail_pic_s": "http:\/\/02imgmini.eastday.com\/mobile\/20191204\/2019120416_ffec5616b2f34aaa847d9727c1456e3e_1092_mwpm_03200403.jpg",
				"thumbnail_pic_s02": "http:\/\/02imgmini.eastday.com\/mobile\/20191204\/2019120416_b9dbe5e6efe74f4b9841596b512e5d2d_0073_mwpm_03200403.jpg",
				"thumbnail_pic_s03": "http:\/\/02imgmini.eastday.com\/mobile\/20191204\/2019120416_a9e046993abc4b76acc9e8b6d181be4a_4850_mwpm_03200403.jpg"
			}, {
				"uniquekey": "e66c0f5e3f1e593beab70291503b3fdd",
				"title": "王诗龄和森碟近照对比，差一岁却像差几岁一样，李湘终于回应了",
				"date": "2019-12-04 16:43",
				"category": "娱乐",
				"author_name": "文文新杂",
				"url": "http:\/\/mini.eastday.com\/mobile\/191204164352163.html",
				"thumbnail_pic_s": "http:\/\/04imgmini.eastday.com\/mobile\/20191204\/2019120416_033430e54ecc4a12988779e2b02d33d1_3302_mwpm_03200403.jpg",
				"thumbnail_pic_s02": "http:\/\/04imgmini.eastday.com\/mobile\/20191204\/2019120416_11274543db2f40e898c098a3f918932b_9928_mwpm_03200403.jpg",
				"thumbnail_pic_s03": "http:\/\/04imgmini.eastday.com\/mobile\/20191204\/2019120416_c1da3f1d79594a3bb003dd10e439a42a_3314_mwpm_03200403.jpg"
			}, {
				"uniquekey": "9b1dab5d0103c157336d5a38bf5c12a9",
				"title": "87《红楼梦》她提起陈晓旭泪流满面，梦见晓旭让她好好活下去",
				"date": "2019-12-04 16:43",
				"category": "娱乐",
				"author_name": "夏至红楼",
				"url": "http:\/\/mini.eastday.com\/mobile\/191204164346684.html",
				"thumbnail_pic_s": "http:\/\/05imgmini.eastday.com\/mobile\/20191204\/20191204164346_82763297fd2bcaa22948b6ae3aceebcd_5_mwpm_03200403.jpg",
				"thumbnail_pic_s02": "http:\/\/05imgmini.eastday.com\/mobile\/20191204\/20191204164346_82763297fd2bcaa22948b6ae3aceebcd_1_mwpm_03200403.jpg",
				"thumbnail_pic_s03": "http:\/\/05imgmini.eastday.com\/mobile\/20191204\/20191204164346_82763297fd2bcaa22948b6ae3aceebcd_2_mwpm_03200403.jpg"
			}, {
				"uniquekey": "ba10af44d297d707e84f86b91e187c4f",
				"title": "《爱情公寓5》已杀青，但看到播放平台后，网友吐槽：没搞错？",
				"date": "2019-12-04 16:43",
				"category": "娱乐",
				"author_name": "文文新杂",
				"url": "http:\/\/mini.eastday.com\/mobile\/191204164324079.html",
				"thumbnail_pic_s": "http:\/\/09imgmini.eastday.com\/mobile\/20191204\/2019120416_9f36eabd493947d1b0e2a1ea015c4192_8709_mwpm_03200403.jpg",
				"thumbnail_pic_s02": "http:\/\/09imgmini.eastday.com\/mobile\/20191204\/2019120416_8e81293e1a8e45bcb7a3510a821e7a23_3748_mwpm_03200403.jpg",
				"thumbnail_pic_s03": "http:\/\/09imgmini.eastday.com\/mobile\/20191204\/2019120416_5fcd42938e824216bbabfe0ccd9561a2_0841_mwpm_03200403.jpg"
			}, {
				"uniquekey": "819e70cf0d547080385d611c3fdad93c",
				"title": "《庆余年》滕梓荆频繁加戏，强行领盒饭，却成了剧情关键",
				"date": "2019-12-04 16:43",
				"category": "娱乐",
				"author_name": "热剧扒点半",
				"url": "http:\/\/mini.eastday.com\/mobile\/191204164318815.html",
				"thumbnail_pic_s": "http:\/\/02imgmini.eastday.com\/mobile\/20191204\/2019120416_bf1550eb7abc4b79b4bc98a395f26d66_6627_cover_mwpm_03200403.jpg",
				"thumbnail_pic_s02": "http:\/\/02imgmini.eastday.com\/mobile\/20191204\/2019120416_e0e76d5d4ec84eb1a5354d32006b0ea8_8403_cover_mwpm_03200403.jpg",
				"thumbnail_pic_s03": "http:\/\/02imgmini.eastday.com\/mobile\/20191204\/2019120416_dd143127aebd4843b53935a84b4c40f7_9286_cover_mwpm_03200403.jpg"
			}, {
				"uniquekey": "02987357991afb200dca0e36763becd8",
				"title": "张柏芝的“脸”和李宇春的“脑”，就是月薪5千跟5万的区别！",
				"date": "2019-12-04 16:42",
				"category": "娱乐",
				"author_name": "王文雅",
				"url": "http:\/\/mini.eastday.com\/mobile\/191204164230108.html",
				"thumbnail_pic_s": "http:\/\/09imgmini.eastday.com\/mobile\/20191204\/20191204164230_dc0ef9c16b6fd964cbda4079377f3810_2_mwpm_03200403.jpg",
				"thumbnail_pic_s02": "http:\/\/09imgmini.eastday.com\/mobile\/20191204\/20191204164230_dc0ef9c16b6fd964cbda4079377f3810_4_mwpm_03200403.jpg",
				"thumbnail_pic_s03": "http:\/\/09imgmini.eastday.com\/mobile\/20191204\/20191204164230_dc0ef9c16b6fd964cbda4079377f3810_1_mwpm_03200403.jpg"
			}, {
				"uniquekey": "c048803da408d3c20c0900bc3342a302",
				"title": "“乡土电影”不是“农村电影”",
				"date": "2019-12-04 16:42",
				"category": "娱乐",
				"author_name": "四味毒叔",
				"url": "http:\/\/mini.eastday.com\/mobile\/191204164225475.html",
				"thumbnail_pic_s": "http:\/\/08imgmini.eastday.com\/mobile\/20191204\/20191204164225_e1d87e94fd6fd1a6ae49f141e6731ec4_10_mwpm_03200403.jpg",
				"thumbnail_pic_s02": "http:\/\/08imgmini.eastday.com\/mobile\/20191204\/20191204164225_e1d87e94fd6fd1a6ae49f141e6731ec4_5_mwpm_03200403.jpg",
				"thumbnail_pic_s03": "http:\/\/08imgmini.eastday.com\/mobile\/20191204\/20191204164225_e1d87e94fd6fd1a6ae49f141e6731ec4_7_mwpm_03200403.jpg"
			}, {
				"uniquekey": "353b61091722bd0ddd299a2804d8b9d1",
				"title": "吉娜自曝腰围网友秒变“柠檬精”，雷佳音却躺枪，大头哥实惨",
				"date": "2019-12-04 16:41",
				"category": "娱乐",
				"author_name": "电影天堂",
				"url": "http:\/\/mini.eastday.com\/mobile\/191204164132856.html",
				"thumbnail_pic_s": "http:\/\/04imgmini.eastday.com\/mobile\/20191204\/2019120416_20ec834f68f14f35bee53fec7fcf6371_3600_cover_mwpm_03200403.jpg",
				"thumbnail_pic_s02": "http:\/\/04imgmini.eastday.com\/mobile\/20191204\/2019120416_750e6836b3b44021940d3ce6ff17cb83_9490_cover_mwpm_03200403.jpg",
				"thumbnail_pic_s03": "http:\/\/04imgmini.eastday.com\/mobile\/20191204\/2019120416_ab29b5c653a6480387a2a63851e98b59_1632_cover_mwpm_03200403.jpg"
			}, {
				"uniquekey": "67e613bfa02bb97834a9d768c59ea8c4",
				"title": "学旅游管理的本科生张杰，去大学当老师了，入职的还是电影学院",
				"date": "2019-12-04 16:41",
				"category": "娱乐",
				"author_name": "娱评人吴清功",
				"url": "http:\/\/mini.eastday.com\/mobile\/191204164129422.html",
				"thumbnail_pic_s": "http:\/\/09imgmini.eastday.com\/mobile\/20191204\/2019120416_1342c72e7eb14d079fa479a0fa79b7dc_7419_mwpm_03200403.jpg",
				"thumbnail_pic_s02": "http:\/\/09imgmini.eastday.com\/mobile\/20191204\/2019120416_752b17b0800b4a679f808df720e739b8_1393_mwpm_03200403.jpg",
				"thumbnail_pic_s03": "http:\/\/09imgmini.eastday.com\/mobile\/20191204\/2019120416_149aab90796947d1bb1197d25a6a1082_4533_mwpm_03200403.jpg"
			}, {
				"uniquekey": "85c94ec03e744643c6f8a487c818eb9d",
				"title": "看到18岁孙莉的照片，美得令人惊艳，黄磊真是好眼光",
				"date": "2019-12-04 16:41",
				"category": "娱乐",
				"author_name": "小K八卦趣事",
				"url": "http:\/\/mini.eastday.com\/mobile\/191204164107710.html",
				"thumbnail_pic_s": "http:\/\/03imgmini.eastday.com\/mobile\/20191204\/20191204164107_256170580299eb0bd3179ce58f25a827_5_mwpm_03200403.jpg",
				"thumbnail_pic_s02": "http:\/\/03imgmini.eastday.com\/mobile\/20191204\/20191204164107_256170580299eb0bd3179ce58f25a827_4_mwpm_03200403.jpg",
				"thumbnail_pic_s03": "http:\/\/03imgmini.eastday.com\/mobile\/20191204\/20191204164107_256170580299eb0bd3179ce58f25a827_2_mwpm_03200403.jpg"
			}, {
				"uniquekey": "afb6998ea49b07a02e20c7999afa8312",
				"title": "金庸武侠之《倚天屠龙记》，哪版张无忌最为经典，堪称巅峰之作？",
				"date": "2019-12-04 16:40",
				"category": "娱乐",
				"author_name": "彬彬影视侦探",
				"url": "http:\/\/mini.eastday.com\/mobile\/191204164059729.html",
				"thumbnail_pic_s": "http:\/\/02imgmini.eastday.com\/mobile\/20191204\/20191204164059_6b46f3c4fa71c9a19b95f0eb07343ead_3_mwpm_03200403.jpg",
				"thumbnail_pic_s02": "http:\/\/02imgmini.eastday.com\/mobile\/20191204\/20191204164059_6b46f3c4fa71c9a19b95f0eb07343ead_9_mwpm_03200403.jpg",
				"thumbnail_pic_s03": "http:\/\/02imgmini.eastday.com\/mobile\/20191204\/20191204164059_6b46f3c4fa71c9a19b95f0eb07343ead_4_mwpm_03200403.jpg"
			}, {
				"uniquekey": "18fa50d0ed5ba8ffb6e92e5c89e5a810",
				"title": "曾是浙江卫视的一姐，朱丹为什么会被雪藏？网友：真是可惜了",
				"date": "2019-12-04 16:39",
				"category": "娱乐",
				"author_name": "孙思蓝美食",
				"url": "http:\/\/mini.eastday.com\/mobile\/191204163942176.html",
				"thumbnail_pic_s": "http:\/\/01imgmini.eastday.com\/mobile\/20191204\/20191204163942_8dda315910418465293e599910fdb3da_4_mwpm_03200403.jpg",
				"thumbnail_pic_s02": "http:\/\/01imgmini.eastday.com\/mobile\/20191204\/20191204163942_8dda315910418465293e599910fdb3da_3_mwpm_03200403.jpg",
				"thumbnail_pic_s03": "http:\/\/01imgmini.eastday.com\/mobile\/20191204\/20191204163942_8dda315910418465293e599910fdb3da_1_mwpm_03200403.jpg"
			}
		]
	},
	"error_code": 0
}